<?xml version="1.0" encoding="UTF-8" standalone="yes"?>
<addon id="plugin.video.kiwitimecapsule" name="Kiwi Time Capsule" version="1.5" provider-name="Bang">
  <requires>
    <import addon="xbmc.python" version="3.0.0" />
    <import addon="script.module.requests" />
    <import addon="script.module.routing"/>
    <import addon="script.module.unidecode" />
    <import addon="script.module.inputstreamhelper" />
    <import addon="script.module.resolveurl"/>
  </requires>
  <extension point="xbmc.python.pluginsource" library="default.py">
    <provides>video</provides>
  </extension>
  <extension point="xbmc.addon.metadata">
    <summary lang="en_GB">Kiwi Time Capsule</summary>
    <description lang="en">Kiwi Time Capsule is your gateway to New Zealand’s screen history and fresh local gems. Dive into a curated collection of classic Kiwi TV shows, documentaries, and films, alongside a growing selection of modern Aotearoa cinema and series. Whether you're revisiting the past or discovering new favourites, this add-on brings together the best of NZ storytelling, all in one place.</description>
    <platform>all</platform>
    <language>en</language>
    <license>GPL-2.0-or-later</license>
	<assets>
		<icon>icon.png</icon>
		<fanart>fanart.jpg</fanart>
  </assets>
  </extension>
</addon>