<?xml version="1.0" encoding="UTF-8" standalone="yes"?>
<addon id="repository.bangbeta" name="Bang Beta" version="1.1" provider-name="Bang">
	<extension point="xbmc.addon.repository" name="Bang">
		<dir>
			<info compressed="false">https://raw.githubusercontent.com/hidemyassbaby/repository.bangbeta/master/zips/addons.xml</info>
			<checksum>https://raw.githubusercontent.com/hidemyassbaby/repository.bangbeta/master/zips/addons.xml.md5</checksum>
			<datadir zip="true">https://raw.githubusercontent.com/hidemyassbaby/repository.bangbeta/master/zips/</datadir>
		</dir>
		<dir>
			<info compressed="false">https://raw.githubusercontent.com/Gujal00/smrzips/master/addons.xml</info>
			<checksum>https://raw.githubusercontent.com/Gujal00/smrzips/master/addons.xml.md5</checksum>
			<datadir zip="true">https://raw.githubusercontent.com/Gujal00/smrzips/master/zips/</datadir>
		</dir>
      	<dir>
            <info compressed="false">https://raw.githubusercontent.com/teamuniversal/scrapers/master/_modules4all/zips/addons.xml</info>
            <checksum>https://raw.githubusercontent.com/teamuniversal/scrapers/master/_modules4all/zips/addons.xml.md5</checksum>
            <datadir zip="true">https://raw.githubusercontent.com/teamuniversal/scrapers/master/_modules4all/zips/</datadir>
        </dir>
		<dir>
			<info compressed="false">https://raw.githubusercontent.com/totalrevolution/python-koding/master/zips/addons.xml</info>
            <checksum>https://raw.githubusercontent.com/totalrevolution/python-koding/master/zips/addons.xml.md5</checksum>
            <datadir zip="true">https://raw.githubusercontent.com/totalrevolution/python-koding/master/zips/</datadir>
		</dir>
	</extension>
	<extension point="xbmc.addon.metadata">
		<summary lang="en"></summary>
		<description lang="en">Bang Beta</description>
		<genre></genre>
		<assets>
      <icon>icon.png</icon>
      <fanart>fanart.jpg</fanart>
    </assets> 
	</extension>
</addon>