{
    "items": [     
        { 
            "title": "[COLOR khaki]Authorise Resolveurl[/COLOR]", 
            "type": "plugin", 
            "link": "resolveurl_auth", 
            "thumbnail": "", 
            "fanart": ""
        }, 
        { 
            "title": "[COLOR khaki]Open ResolveURL Settings[/COLOR]", 
            "type": "plugin", 
            "link": "resolveurl_settings", 
            "thumbnail": "", 
            "fanart": ""
        }, 
        { 
            "title": "[COLOR khaki]Open Addon Settings [/COLOR]", 
            "type": "item", 
            "link": "settings", 
            "thumbnail": "", 
            "fanart": ""
        }, 
        {
            "type": "item",
            "title": "[COLOR khaki]Clear Cache[/COLOR]",
            "link": "clear_cache"
        }, 
        { 
            "type": "item", 
            "title": "[COLOR khaki]Pop Up Message [COLOR white][I] (Message from Link) [/COLOR][/I]", 
            "link": "message/POP UP MESSAGE TEXT", 
            "thumbnail": "", 
            "fanart": ""
        }, 
        { 
            "type": "item", 
            "title": "[COLOR khaki]Pop Up Message[COLOR white][I] (Message from URL) [/COLOR][/I]", 
            "link": "message/http://narcacist.com/fourk/4k.xml", 
            "thumbnail": "", 
            "fanart": ""
        }, 
        { 
            "type": "item", 
            "title": "[COLOR khaki]Pop Up Message[COLOR white][I] (Message from Local File) [/COLOR][/I]", 
            "link": "message/file://info.xml", 
            "thumbnail": "", 
            "fanart": ""
        }, 
        
        {
            "type": "dir",
            "title": "[COLOR goldenrod]M3U List[/COLOR]",
            "link": "https://iptv-org.github.io/iptv/index.m3u"
        },
        {
            "type": "dir",
            "title": "[COLOR goldenrod]Fluxus[/COLOR]",
            "link": "https://bitbucket.org/!api/2.0/snippets/fluxustv/KpaEKX/e5b158cbb964a9ca8b478a07e0e726154c948981/files/FTV-ENG"
        }, 
        
        
        
              
        
        { 
            "type": "item", 
            "title": "[COLOR skyblue]DailyMotion Video Link [COLOR white][I](Item Method 1)[/COLOR][/I]", 
            "link": "plugin://plugin.video.dailymotion_com/?url=x81h7bd&mode=playVideo", 
            "thumbnail": "",
            "fanart": ""
        }, 
        {
            "type": "item", 
            "title": "[COLOR skyblue]DailyMotion Video Link [COLOR white][I](Item Method 2) [/COLOR][/I]", 
            "link": "plugin.video.dailymotion_com?url=x81h7bd&mode=playVideo", 
            "thumbnail": "", 
            "fanart": ""
        }, 
        {
            "type": "plugin", 
            "title": "[COLOR skyblue]DailyMotion Channel [COLOR white][I](Plugin Method 1)[/COLOR][/I]", 
            "link": "plugin://plugin.video.dailymotion_com/?mode=sortVideos1&url=channel:sport", 
            "thumbnail": "", 
            "fanart": ""
        }, 
        {
            "type": "plugin", 
            "title": "[COLOR skyblue]DailyMotion Channel [COLOR white][I](Plugin Method 2) [/COLOR][/I]", 
            "link": "dailymotion?mode=sortVideos1&url=channel:sport", 
            "thumbnail": "", 
            "fanart": ""
        }, 
        
        
        
        {
            "type": "plugin", 
            "title": "[COLOR khaki]YouTube Channel [COLOR white][I](Plugin Method) [/COLOR][/I]", 
            "link": "plugin.video.youtube/channel/UC-jBkGiRokRd-B2ylx1VqJQ", 
            "thumbnail": "", 
            "fanart": ""
        },         
        {
            "type": "plugin", 
            "title": "[COLOR khaki]YouTube Playlist [COLOR white][I](Plugin Method) [/COLOR][/I]", 
            "link": "plugin.video.youtube/playlist/PLIhM97erOwwNrksoDBN1iRIAFMsvn4cTq/", 
            "thumbnail": "", 
            "fanart": ""
        },              
        { 
            "type": "dir", 
            "title": "[COLOR khaki]YouTube Channel [COLOR white][I](Dir Method)[/COLOR][/I]", 
            "link": "https://www.youtube.com/channel/UC-jBkGiRokRd-B2ylx1VqJQ", 
            "thumbnail": "", 
            "fanart": ""
        }, 
        { 
            "type": "dir", 
            "title": "[COLOR khaki]YouTube Playlist [COLOR white][I](Dir Method)[/COLOR][/I]", 
            "link": "https://www.youtube.com/playlist_list=PLyEyQCZKWQANYNwvgIS0ogI6xxP2C-5Tx",             
            "thumbnail": "", 
            "fanart": ""
        }, 
        { 
            "type": "item", 
            "title": "[COLOR khaki]YouTube Video[COLOR white][I] (Item Method) [/COLOR][/I]", 
            "link": "https://www.youtube.com/watch?v=vNBw9MLqYSY", 
            "thumbnail": "", 
            "fanart": ""
        }, 
       {
            "type":"plugin",
            "title":"[COLOR skyblue]Example Plugin with args[COLOR white][I] (Method only) [/COLOR][/I] ",
            "link":"plugin.video.foobar?url=https://someurl.com&mode=12",
            "thumbnail":"",
            "fanart":""
        },
        { 
            "type": "dir", 
            "title": "[COLOR khaki]TMDB Examples[/COLOR]", 
            "link": "file://scraper_list.json", 
            "thumbnail": "", 
            "fanart": ""
        }
    ]
}